Model,Perplexity
alpha_2_iter_1000,2636.806299507529
alpha_0.5_iter_2000,2636.8241621805087
alpha_0.1_iter_2000,2636.835766363743
alpha_0.01_iter_2000,2636.8758566646925
alpha_2_iter_2000,2636.8808140939814
alpha_0.01_iter_1000,2636.9375068044624
alpha_1_iter_2000,2636.941673077428
alpha_5_iter_2000,2636.973081751211
alpha_1.5_iter_2000,2637.01326341408
alpha_5_iter_1000,2637.0253304393623
